"GROUP","value","concept","variable","periode_group","siteid"
"ARDS_18_49",16,"patient","number","all","FRBDX"
"ARDS_sup_49",174,"patient","number","all","FRBDX"
"NO_ARDS_18_49",135,"patient","number","all","FRBDX"
"NO_ARDS_sup_49",552,"patient","number","all","FRBDX"
"OTHERS_18_49",5,"patient","number","all","FRBDX"
"OTHERS_sup_49",90,"patient","number","all","FRBDX"
"ARDS_18_49",11,"patient","number","P1","FRBDX"
"ARDS_18_49",5,"patient","number","P2","FRBDX"
"ARDS_sup_49",75,"patient","number","P1","FRBDX"
"ARDS_sup_49",99,"patient","number","P2","FRBDX"
"NO_ARDS_18_49",29,"patient","number","P1","FRBDX"
"NO_ARDS_18_49",106,"patient","number","P2","FRBDX"
"NO_ARDS_sup_49",171,"patient","number","P1","FRBDX"
"NO_ARDS_sup_49",381,"patient","number","P2","FRBDX"
"OTHERS_18_49",-99,"patient","number","P1","FRBDX"
"OTHERS_18_49",4,"patient","number","P2","FRBDX"
"OTHERS_sup_49",24,"patient","number","P1","FRBDX"
"OTHERS_sup_49",66,"patient","number","P2","FRBDX"
"ARDS_18_49",46.875,"DIAG-ICD10","mean_freq","all","FRBDX"
"ARDS_18_49",20.1787842382373,"DIAG-ICD10","std_freq","all","FRBDX"
"ARDS_18_49",205.0625,"LAB-LOINC","mean_freq","all","FRBDX"
"ARDS_18_49",134.460139694508,"LAB-LOINC","std_freq","all","FRBDX"
"ARDS_18_49",39,"MED-CLASS","mean_freq","all","FRBDX"
"ARDS_18_49",50.9182351095034,"MED-CLASS","std_freq","all","FRBDX"
"ARDS_18_49",18.6666666666667,"PROC-ICD10","mean_freq","all","FRBDX"
"ARDS_18_49",14.7914799390689,"PROC-ICD10","std_freq","all","FRBDX"
"ARDS_sup_49",41.1724137931034,"DIAG-ICD10","mean_freq","all","FRBDX"
"ARDS_sup_49",31.7669282700134,"DIAG-ICD10","std_freq","all","FRBDX"
"ARDS_sup_49",174.072289156627,"LAB-LOINC","mean_freq","all","FRBDX"
"ARDS_sup_49",183.543358473077,"LAB-LOINC","std_freq","all","FRBDX"
"ARDS_sup_49",29.456,"MED-CLASS","mean_freq","all","FRBDX"
"ARDS_sup_49",50.1447105884559,"MED-CLASS","std_freq","all","FRBDX"
"ARDS_sup_49",15.0731707317073,"PROC-ICD10","mean_freq","all","FRBDX"
"ARDS_sup_49",14.4325285673599,"PROC-ICD10","std_freq","all","FRBDX"
"NO_ARDS_18_49",17.6740740740741,"DIAG-ICD10","mean_freq","all","FRBDX"
"NO_ARDS_18_49",15.5274574470707,"DIAG-ICD10","std_freq","all","FRBDX"
"NO_ARDS_18_49",32.5909090909091,"LAB-LOINC","mean_freq","all","FRBDX"
"NO_ARDS_18_49",31.0146369152379,"LAB-LOINC","std_freq","all","FRBDX"
"NO_ARDS_18_49",10.6315789473684,"MED-CLASS","mean_freq","all","FRBDX"
"NO_ARDS_18_49",12.8527276942496,"MED-CLASS","std_freq","all","FRBDX"
"NO_ARDS_sup_49",27.6061705989111,"DIAG-ICD10","mean_freq","all","FRBDX"
"NO_ARDS_sup_49",21.4912049249735,"DIAG-ICD10","std_freq","all","FRBDX"
"NO_ARDS_sup_49",48.8616236162362,"LAB-LOINC","mean_freq","all","FRBDX"
"NO_ARDS_sup_49",47.6740826324444,"LAB-LOINC","std_freq","all","FRBDX"
"NO_ARDS_sup_49",21.9797570850202,"MED-CLASS","mean_freq","all","FRBDX"
"NO_ARDS_sup_49",24.7575586249667,"MED-CLASS","std_freq","all","FRBDX"
"OTHERS_18_49",44.2,"DIAG-ICD10","mean_freq","all","FRBDX"
"OTHERS_18_49",21.3471309547677,"DIAG-ICD10","std_freq","all","FRBDX"
"OTHERS_18_49",69.2,"LAB-LOINC","mean_freq","all","FRBDX"
"OTHERS_18_49",26.1285284698546,"LAB-LOINC","std_freq","all","FRBDX"
"OTHERS_18_49",16,"MED-CLASS","mean_freq","all","FRBDX"
"OTHERS_18_49",10.4243305140746,"MED-CLASS","std_freq","all","FRBDX"
"OTHERS_18_49",5.75,"PROC-ICD10","mean_freq","all","FRBDX"
"OTHERS_18_49",9.5,"PROC-ICD10","std_freq","all","FRBDX"
"OTHERS_sup_49",42.1022727272727,"DIAG-ICD10","mean_freq","all","FRBDX"
"OTHERS_sup_49",30.4804590775785,"DIAG-ICD10","std_freq","all","FRBDX"
"OTHERS_sup_49",79.6117647058824,"LAB-LOINC","mean_freq","all","FRBDX"
"OTHERS_sup_49",100.615024689543,"LAB-LOINC","std_freq","all","FRBDX"
"OTHERS_sup_49",31.4352941176471,"MED-CLASS","mean_freq","all","FRBDX"
"OTHERS_sup_49",34.6525086904746,"MED-CLASS","std_freq","all","FRBDX"
"OTHERS_sup_49",7.40909090909091,"PROC-ICD10","mean_freq","all","FRBDX"
"OTHERS_sup_49",14.0903854112995,"PROC-ICD10","std_freq","all","FRBDX"
"ARDS_18_49",52.0909090909091,"DIAG-ICD10","mean_freq","P1","FRBDX"
"ARDS_18_49",17.3058056469761,"DIAG-ICD10","std_freq","P1","FRBDX"
"ARDS_18_49",35.4,"DIAG-ICD10","mean_freq","P2","FRBDX"
"ARDS_18_49",23.2120658279266,"DIAG-ICD10","std_freq","P2","FRBDX"
"ARDS_18_49",251.636363636364,"LAB-LOINC","mean_freq","P1","FRBDX"
"ARDS_18_49",138.178343257743,"LAB-LOINC","std_freq","P1","FRBDX"
"ARDS_18_49",102.6,"LAB-LOINC","mean_freq","P2","FRBDX"
"ARDS_18_49",31.2537997689881,"LAB-LOINC","std_freq","P2","FRBDX"
"ARDS_18_49",47.75,"MED-CLASS","mean_freq","P1","FRBDX"
"ARDS_18_49",62.7597459705321,"MED-CLASS","std_freq","P1","FRBDX"
"ARDS_18_49",25,"MED-CLASS","mean_freq","P2","FRBDX"
"ARDS_18_49",22.0680764907139,"MED-CLASS","std_freq","P2","FRBDX"
"ARDS_18_49",21.4,"PROC-ICD10","mean_freq","P1","FRBDX"
"ARDS_18_49",14.6833238743821,"PROC-ICD10","std_freq","P1","FRBDX"
"ARDS_18_49",5,"PROC-ICD10","mean_freq","P2","FRBDX"
"ARDS_18_49",4.24264068711928,"PROC-ICD10","std_freq","P2","FRBDX"
"ARDS_sup_49",45.8133333333333,"DIAG-ICD10","mean_freq","P1","FRBDX"
"ARDS_sup_49",38.8589595684025,"DIAG-ICD10","std_freq","P1","FRBDX"
"ARDS_sup_49",37.6565656565657,"DIAG-ICD10","mean_freq","P2","FRBDX"
"ARDS_sup_49",24.7436496145616,"DIAG-ICD10","std_freq","P2","FRBDX"
"ARDS_sup_49",203.6,"LAB-LOINC","mean_freq","P1","FRBDX"
"ARDS_sup_49",180.427345563324,"LAB-LOINC","std_freq","P1","FRBDX"
"ARDS_sup_49",149.736263736264,"LAB-LOINC","mean_freq","P2","FRBDX"
"ARDS_sup_49",183.492769168151,"LAB-LOINC","std_freq","P2","FRBDX"
"ARDS_sup_49",41.125,"MED-CLASS","mean_freq","P1","FRBDX"
"ARDS_sup_49",68.5576234074135,"MED-CLASS","std_freq","P1","FRBDX"
"ARDS_sup_49",19.9855072463768,"MED-CLASS","mean_freq","P2","FRBDX"
"ARDS_sup_49",24.0938683642462,"MED-CLASS","std_freq","P2","FRBDX"
"ARDS_sup_49",17.2666666666667,"PROC-ICD10","mean_freq","P1","FRBDX"
"ARDS_sup_49",14.8150938454577,"PROC-ICD10","std_freq","P1","FRBDX"
"ARDS_sup_49",12.984126984127,"PROC-ICD10","mean_freq","P2","FRBDX"
"ARDS_sup_49",13.8534868831758,"PROC-ICD10","std_freq","P2","FRBDX"
"NO_ARDS_18_49",17.1379310344828,"DIAG-ICD10","mean_freq","P1","FRBDX"
"NO_ARDS_18_49",14.9133787920469,"DIAG-ICD10","std_freq","P1","FRBDX"
"NO_ARDS_18_49",17.8207547169811,"DIAG-ICD10","mean_freq","P2","FRBDX"
"NO_ARDS_18_49",15.7569619804564,"DIAG-ICD10","std_freq","P2","FRBDX"
"NO_ARDS_18_49",36.551724137931,"LAB-LOINC","mean_freq","P1","FRBDX"
"NO_ARDS_18_49",47.0376643969615,"LAB-LOINC","std_freq","P1","FRBDX"
"NO_ARDS_18_49",31.4757281553398,"LAB-LOINC","mean_freq","P2","FRBDX"
"NO_ARDS_18_49",24.9461556078617,"LAB-LOINC","std_freq","P2","FRBDX"
"NO_ARDS_18_49",12.047619047619,"MED-CLASS","mean_freq","P1","FRBDX"
"NO_ARDS_18_49",18.0982766872324,"MED-CLASS","std_freq","P1","FRBDX"
"NO_ARDS_18_49",10.2297297297297,"MED-CLASS","mean_freq","P2","FRBDX"
"NO_ARDS_18_49",11.0559564275866,"MED-CLASS","std_freq","P2","FRBDX"
"NO_ARDS_sup_49",27.140350877193,"DIAG-ICD10","mean_freq","P1","FRBDX"
"NO_ARDS_sup_49",24.0135539642471,"DIAG-ICD10","std_freq","P1","FRBDX"
"NO_ARDS_sup_49",27.8157894736842,"DIAG-ICD10","mean_freq","P2","FRBDX"
"NO_ARDS_sup_49",20.2845916322324,"DIAG-ICD10","std_freq","P2","FRBDX"
"NO_ARDS_sup_49",45.6272189349112,"LAB-LOINC","mean_freq","P1","FRBDX"
"NO_ARDS_sup_49",39.02346018994,"LAB-LOINC","std_freq","P1","FRBDX"
"NO_ARDS_sup_49",50.3270777479893,"LAB-LOINC","mean_freq","P2","FRBDX"
"NO_ARDS_sup_49",51.0952646132678,"LAB-LOINC","std_freq","P2","FRBDX"
"NO_ARDS_sup_49",21.0066666666667,"MED-CLASS","mean_freq","P1","FRBDX"
"NO_ARDS_sup_49",23.5133823574607,"MED-CLASS","std_freq","P1","FRBDX"
"NO_ARDS_sup_49",22.4040697674419,"MED-CLASS","mean_freq","P2","FRBDX"
"NO_ARDS_sup_49",25.3025329919463,"MED-CLASS","std_freq","P2","FRBDX"
"OTHERS_18_49",-99,"DIAG-ICD10","mean_freq","P1","FRBDX"
"OTHERS_18_49",-99,"DIAG-ICD10","std_freq","P1","FRBDX"
"OTHERS_18_49",43.5,"DIAG-ICD10","mean_freq","P2","FRBDX"
"OTHERS_18_49",24.5831920899897,"DIAG-ICD10","std_freq","P2","FRBDX"
"OTHERS_18_49",-99,"LAB-LOINC","mean_freq","P1","FRBDX"
"OTHERS_18_49",-99,"LAB-LOINC","std_freq","P1","FRBDX"
"OTHERS_18_49",69.75,"LAB-LOINC","mean_freq","P2","FRBDX"
"OTHERS_18_49",30.1371863318393,"LAB-LOINC","std_freq","P2","FRBDX"
"OTHERS_18_49",-99,"MED-CLASS","mean_freq","P1","FRBDX"
"OTHERS_18_49",-99,"MED-CLASS","std_freq","P1","FRBDX"
"OTHERS_18_49",13,"MED-CLASS","mean_freq","P2","FRBDX"
"OTHERS_18_49",10.4403065089106,"MED-CLASS","std_freq","P2","FRBDX"
"OTHERS_18_49",-99,"PROC-ICD10","mean_freq","P1","FRBDX"
"OTHERS_18_49",-99,"PROC-ICD10","std_freq","P1","FRBDX"
"OTHERS_18_49",7.33333333333333,"PROC-ICD10","mean_freq","P2","FRBDX"
"OTHERS_18_49",10.9696551146029,"PROC-ICD10","std_freq","P2","FRBDX"
"OTHERS_sup_49",48.7916666666667,"DIAG-ICD10","mean_freq","P1","FRBDX"
"OTHERS_sup_49",34.4950899677629,"DIAG-ICD10","std_freq","P1","FRBDX"
"OTHERS_sup_49",39.59375,"DIAG-ICD10","mean_freq","P2","FRBDX"
"OTHERS_sup_49",28.7251445352574,"DIAG-ICD10","std_freq","P2","FRBDX"
"OTHERS_sup_49",72.9583333333333,"LAB-LOINC","mean_freq","P1","FRBDX"
"OTHERS_sup_49",69.4953731125891,"LAB-LOINC","std_freq","P1","FRBDX"
"OTHERS_sup_49",82.2295081967213,"LAB-LOINC","mean_freq","P2","FRBDX"
"OTHERS_sup_49",110.890545650899,"LAB-LOINC","std_freq","P2","FRBDX"
"OTHERS_sup_49",33.6086956521739,"MED-CLASS","mean_freq","P1","FRBDX"
"OTHERS_sup_49",47.4616966428861,"MED-CLASS","std_freq","P1","FRBDX"
"OTHERS_sup_49",30.6290322580645,"MED-CLASS","mean_freq","P2","FRBDX"
"OTHERS_sup_49",28.9602519410786,"MED-CLASS","std_freq","P2","FRBDX"
"OTHERS_sup_49",2.25,"PROC-ICD10","mean_freq","P1","FRBDX"
"OTHERS_sup_49",1.5,"PROC-ICD10","std_freq","P1","FRBDX"
"OTHERS_sup_49",8.55555555555556,"PROC-ICD10","mean_freq","P2","FRBDX"
"OTHERS_sup_49",15.4013835215894,"PROC-ICD10","std_freq","P2","FRBDX"
"ARDS_18_49",39.5625,"patient","mean_los","all","FRBDX"
"ARDS_18_49",27.1857039636644,"patient","std_los","all","FRBDX"
"ARDS_sup_49",35.3965517241379,"patient","mean_los","all","FRBDX"
"ARDS_sup_49",41.657954706788,"patient","std_los","all","FRBDX"
"NO_ARDS_18_49",7.15555555555556,"patient","mean_los","all","FRBDX"
"NO_ARDS_18_49",6.51160464285691,"patient","std_los","all","FRBDX"
"NO_ARDS_sup_49",14.3423913043478,"patient","mean_los","all","FRBDX"
"NO_ARDS_sup_49",15.7898108639923,"patient","std_los","all","FRBDX"
"OTHERS_18_49",15,"patient","mean_los","all","FRBDX"
"OTHERS_18_49",8.5146931829632,"patient","std_los","all","FRBDX"
"OTHERS_sup_49",22.0555555555556,"patient","mean_los","all","FRBDX"
"OTHERS_sup_49",25.3990007372718,"patient","std_los","all","FRBDX"
"ARDS_18_49",47.3636363636364,"patient","mean_los","P1","FRBDX"
"ARDS_18_49",28.4579434508987,"patient","std_los","P1","FRBDX"
"ARDS_18_49",22.4,"patient","mean_los","P2","FRBDX"
"ARDS_18_49",14.5361618042728,"patient","std_los","P2","FRBDX"
"ARDS_sup_49",43.52,"patient","mean_los","P1","FRBDX"
"ARDS_sup_49",53.5825606966559,"patient","std_los","P1","FRBDX"
"ARDS_sup_49",29.2424242424242,"patient","mean_los","P2","FRBDX"
"ARDS_sup_49",28.4034673469347,"patient","std_los","P2","FRBDX"
"NO_ARDS_18_49",7.75862068965517,"patient","mean_los","P1","FRBDX"
"NO_ARDS_18_49",7.48644094543974,"patient","std_los","P1","FRBDX"
"NO_ARDS_18_49",6.99056603773585,"patient","mean_los","P2","FRBDX"
"NO_ARDS_18_49",6.24804012397772,"patient","std_los","P2","FRBDX"
"NO_ARDS_sup_49",12.6140350877193,"patient","mean_los","P1","FRBDX"
"NO_ARDS_sup_49",12.4788117637079,"patient","std_los","P1","FRBDX"
"NO_ARDS_sup_49",15.1181102362205,"patient","mean_los","P2","FRBDX"
"NO_ARDS_sup_49",17.0264256717679,"patient","std_los","P2","FRBDX"
"OTHERS_18_49",-99,"patient","mean_los","P1","FRBDX"
"OTHERS_18_49",-99,"patient","std_los","P1","FRBDX"
"OTHERS_18_49",14.5,"patient","mean_los","P2","FRBDX"
"OTHERS_18_49",9.74679434480896,"patient","std_los","P2","FRBDX"
"OTHERS_sup_49",18.9583333333333,"patient","mean_los","P1","FRBDX"
"OTHERS_sup_49",18.4378607800614,"patient","std_los","P1","FRBDX"
"OTHERS_sup_49",23.1818181818182,"patient","mean_los","P2","FRBDX"
"OTHERS_sup_49",27.5351015647631,"patient","std_los","P2","FRBDX"
"ARDS_18_49",16,"patient","ever_severe","all","FRBDX"
"ARDS_sup_49",174,"patient","ever_severe","all","FRBDX"
"NO_ARDS_18_49",80,"patient","ever_severe","all","FRBDX"
"NO_ARDS_18_49",55,"patient","never_severe","all","FRBDX"
"NO_ARDS_sup_49",332,"patient","ever_severe","all","FRBDX"
"NO_ARDS_sup_49",220,"patient","never_severe","all","FRBDX"
"OTHERS_18_49",5,"patient","ever_severe","all","FRBDX"
"OTHERS_sup_49",90,"patient","ever_severe","all","FRBDX"
"ARDS_18_49",11,"patient","ever_severe","P1","FRBDX"
"ARDS_18_49",5,"patient","ever_severe","P2","FRBDX"
"ARDS_sup_49",75,"patient","ever_severe","P1","FRBDX"
"ARDS_sup_49",99,"patient","ever_severe","P2","FRBDX"
"NO_ARDS_18_49",18,"patient","ever_severe","P1","FRBDX"
"NO_ARDS_18_49",62,"patient","ever_severe","P2","FRBDX"
"NO_ARDS_18_49",11,"patient","never_severe","P1","FRBDX"
"NO_ARDS_18_49",44,"patient","never_severe","P2","FRBDX"
"NO_ARDS_sup_49",102,"patient","ever_severe","P1","FRBDX"
"NO_ARDS_sup_49",230,"patient","ever_severe","P2","FRBDX"
"NO_ARDS_sup_49",69,"patient","never_severe","P1","FRBDX"
"NO_ARDS_sup_49",151,"patient","never_severe","P2","FRBDX"
"OTHERS_18_49",1,"patient","ever_severe","P1","FRBDX"
"OTHERS_18_49",4,"patient","ever_severe","P2","FRBDX"
"OTHERS_sup_49",24,"patient","ever_severe","P1","FRBDX"
"OTHERS_sup_49",66,"patient","ever_severe","P2","FRBDX"
"ARDS_18_49",0,"DIAG-ICD","npat_nodiag","all","FRBDX"
"ARDS_sup_49",0,"DIAG-ICD","npat_nodiag","all","FRBDX"
"NO_ARDS_18_49",0,"DIAG-ICD","npat_nodiag","all","FRBDX"
"NO_ARDS_sup_49",1,"DIAG-ICD","npat_nodiag","all","FRBDX"
"OTHERS_18_49",0,"DIAG-ICD","npat_nodiag","all","FRBDX"
"OTHERS_sup_49",2,"DIAG-ICD","npat_nodiag","all","FRBDX"
"ARDS_18_49",5,"DIAG-ICD","npat_nodiag","P1","FRBDX"
"ARDS_18_49",11,"DIAG-ICD","npat_nodiag","P2","FRBDX"
"ARDS_sup_49",99,"DIAG-ICD","npat_nodiag","P1","FRBDX"
"ARDS_sup_49",75,"DIAG-ICD","npat_nodiag","P2","FRBDX"
"NO_ARDS_18_49",106,"DIAG-ICD","npat_nodiag","P1","FRBDX"
"NO_ARDS_18_49",29,"DIAG-ICD","npat_nodiag","P2","FRBDX"
"NO_ARDS_sup_49",381,"DIAG-ICD","npat_nodiag","P1","FRBDX"
"NO_ARDS_sup_49",172,"DIAG-ICD","npat_nodiag","P2","FRBDX"
"OTHERS_18_49",4,"DIAG-ICD","npat_nodiag","P1","FRBDX"
"OTHERS_18_49",1,"DIAG-ICD","npat_nodiag","P2","FRBDX"
"OTHERS_sup_49",66,"DIAG-ICD","npat_nodiag","P1","FRBDX"
"OTHERS_sup_49",26,"DIAG-ICD","npat_nodiag","P2","FRBDX"
"ARDS_18_49",16,"patient","26to49","all","FRBDX"
"ARDS_sup_49",100,"patient","50to69","all","FRBDX"
"ARDS_sup_49",53,"patient","70to79","all","FRBDX"
"ARDS_sup_49",21,"patient","80plus","all","FRBDX"
"NO_ARDS_18_49",21,"patient","18to25","all","FRBDX"
"NO_ARDS_18_49",114,"patient","26to49","all","FRBDX"
"NO_ARDS_sup_49",239,"patient","50to69","all","FRBDX"
"NO_ARDS_sup_49",128,"patient","70to79","all","FRBDX"
"NO_ARDS_sup_49",185,"patient","80plus","all","FRBDX"
"OTHERS_18_49",5,"patient","26to49","all","FRBDX"
"OTHERS_sup_49",9,"patient","50to69","all","FRBDX"
"OTHERS_sup_49",25,"patient","70to79","all","FRBDX"
"OTHERS_sup_49",56,"patient","80plus","all","FRBDX"
"ARDS_18_49",11,"patient","26to49","P1","FRBDX"
"ARDS_18_49",5,"patient","26to49","P2","FRBDX"
"ARDS_sup_49",47,"patient","50to69","P1","FRBDX"
"ARDS_sup_49",53,"patient","50to69","P2","FRBDX"
"ARDS_sup_49",19,"patient","70to79","P1","FRBDX"
"ARDS_sup_49",34,"patient","70to79","P2","FRBDX"
"ARDS_sup_49",9,"patient","80plus","P1","FRBDX"
"ARDS_sup_49",12,"patient","80plus","P2","FRBDX"
"NO_ARDS_18_49",-99,"patient","18to25","P1","FRBDX"
"NO_ARDS_18_49",20,"patient","18to25","P2","FRBDX"
"NO_ARDS_18_49",28,"patient","26to49","P1","FRBDX"
"NO_ARDS_18_49",86,"patient","26to49","P2","FRBDX"
"NO_ARDS_sup_49",85,"patient","50to69","P1","FRBDX"
"NO_ARDS_sup_49",154,"patient","50to69","P2","FRBDX"
"NO_ARDS_sup_49",36,"patient","70to79","P1","FRBDX"
"NO_ARDS_sup_49",92,"patient","70to79","P2","FRBDX"
"NO_ARDS_sup_49",50,"patient","80plus","P1","FRBDX"
"NO_ARDS_sup_49",135,"patient","80plus","P2","FRBDX"
"OTHERS_18_49",-99,"patient","26to49","P1","FRBDX"
"OTHERS_18_49",4,"patient","26to49","P2","FRBDX"
"OTHERS_sup_49",3,"patient","50to69","P1","FRBDX"
"OTHERS_sup_49",6,"patient","50to69","P2","FRBDX"
"OTHERS_sup_49",6,"patient","70to79","P1","FRBDX"
"OTHERS_sup_49",19,"patient","70to79","P2","FRBDX"
"OTHERS_sup_49",15,"patient","80plus","P1","FRBDX"
"OTHERS_sup_49",41,"patient","80plus","P2","FRBDX"
"ARDS_18_49",6,"patient","female","all","FRBDX"
"ARDS_18_49",10,"patient","male","all","FRBDX"
"ARDS_sup_49",44,"patient","female","all","FRBDX"
"ARDS_sup_49",130,"patient","male","all","FRBDX"
"NO_ARDS_18_49",70,"patient","female","all","FRBDX"
"NO_ARDS_18_49",65,"patient","male","all","FRBDX"
"NO_ARDS_sup_49",230,"patient","female","all","FRBDX"
"NO_ARDS_sup_49",322,"patient","male","all","FRBDX"
"OTHERS_18_49",-99,"patient","female","all","FRBDX"
"OTHERS_18_49",3,"patient","male","all","FRBDX"
"OTHERS_sup_49",48,"patient","female","all","FRBDX"
"OTHERS_sup_49",42,"patient","male","all","FRBDX"
"ARDS_18_49",3,"patient","female","P1","FRBDX"
"ARDS_18_49",3,"patient","female","P2","FRBDX"
"ARDS_18_49",8,"patient","male","P1","FRBDX"
"ARDS_18_49",-99,"patient","male","P2","FRBDX"
"ARDS_sup_49",20,"patient","female","P1","FRBDX"
"ARDS_sup_49",24,"patient","female","P2","FRBDX"
"ARDS_sup_49",55,"patient","male","P1","FRBDX"
"ARDS_sup_49",75,"patient","male","P2","FRBDX"
"NO_ARDS_18_49",15,"patient","female","P1","FRBDX"
"NO_ARDS_18_49",55,"patient","female","P2","FRBDX"
"NO_ARDS_18_49",14,"patient","male","P1","FRBDX"
"NO_ARDS_18_49",51,"patient","male","P2","FRBDX"
"NO_ARDS_sup_49",80,"patient","female","P1","FRBDX"
"NO_ARDS_sup_49",150,"patient","female","P2","FRBDX"
"NO_ARDS_sup_49",91,"patient","male","P1","FRBDX"
"NO_ARDS_sup_49",231,"patient","male","P2","FRBDX"
"OTHERS_18_49",-99,"patient","female","P1","FRBDX"
"OTHERS_18_49",-99,"patient","female","P2","FRBDX"
"OTHERS_18_49",3,"patient","male","P2","FRBDX"
"OTHERS_sup_49",14,"patient","female","P1","FRBDX"
"OTHERS_sup_49",34,"patient","female","P2","FRBDX"
"OTHERS_sup_49",10,"patient","male","P1","FRBDX"
"OTHERS_sup_49",32,"patient","male","P2","FRBDX"
"ARDS_18_49",14,"patient","no_previous_hospi","all","FRBDX"
"ARDS_18_49",-99,"patient","previous_hospi","all","FRBDX"
"ARDS_sup_49",155,"patient","no_previous_hospi","all","FRBDX"
"ARDS_sup_49",19,"patient","previous_hospi","all","FRBDX"
"NO_ARDS_18_49",103,"patient","no_previous_hospi","all","FRBDX"
"NO_ARDS_18_49",32,"patient","previous_hospi","all","FRBDX"
"NO_ARDS_sup_49",413,"patient","no_previous_hospi","all","FRBDX"
"NO_ARDS_sup_49",139,"patient","previous_hospi","all","FRBDX"
"OTHERS_18_49",3,"patient","no_previous_hospi","all","FRBDX"
"OTHERS_18_49",-99,"patient","previous_hospi","all","FRBDX"
"OTHERS_sup_49",60,"patient","no_previous_hospi","all","FRBDX"
"OTHERS_sup_49",30,"patient","previous_hospi","all","FRBDX"
"ARDS_18_49",9,"patient","no_previous_hospi","P1","FRBDX"
"ARDS_18_49",5,"patient","no_previous_hospi","P2","FRBDX"
"ARDS_18_49",-99,"patient","previous_hospi","P1","FRBDX"
"ARDS_sup_49",68,"patient","no_previous_hospi","P1","FRBDX"
"ARDS_sup_49",87,"patient","no_previous_hospi","P2","FRBDX"
"ARDS_sup_49",7,"patient","previous_hospi","P1","FRBDX"
"ARDS_sup_49",12,"patient","previous_hospi","P2","FRBDX"
"NO_ARDS_18_49",23,"patient","no_previous_hospi","P1","FRBDX"
"NO_ARDS_18_49",80,"patient","no_previous_hospi","P2","FRBDX"
"NO_ARDS_18_49",6,"patient","previous_hospi","P1","FRBDX"
"NO_ARDS_18_49",26,"patient","previous_hospi","P2","FRBDX"
"NO_ARDS_sup_49",140,"patient","no_previous_hospi","P1","FRBDX"
"NO_ARDS_sup_49",273,"patient","no_previous_hospi","P2","FRBDX"
"NO_ARDS_sup_49",31,"patient","previous_hospi","P1","FRBDX"
"NO_ARDS_sup_49",108,"patient","previous_hospi","P2","FRBDX"
"OTHERS_18_49",-99,"patient","no_previous_hospi","P1","FRBDX"
"OTHERS_18_49",-99,"patient","no_previous_hospi","P2","FRBDX"
"OTHERS_18_49",-99,"patient","previous_hospi","P2","FRBDX"
"OTHERS_sup_49",19,"patient","no_previous_hospi","P1","FRBDX"
"OTHERS_sup_49",41,"patient","no_previous_hospi","P2","FRBDX"
"OTHERS_sup_49",5,"patient","previous_hospi","P1","FRBDX"
"OTHERS_sup_49",25,"patient","previous_hospi","P2","FRBDX"
"ARDS_18_49",16,"patient","no_rehospit","all","FRBDX"
"ARDS_sup_49",162,"patient","no_rehospit","all","FRBDX"
"ARDS_sup_49",12,"patient","rehospit","all","FRBDX"
"NO_ARDS_18_49",116,"patient","no_rehospit","all","FRBDX"
"NO_ARDS_18_49",19,"patient","rehospit","all","FRBDX"
"NO_ARDS_sup_49",482,"patient","no_rehospit","all","FRBDX"
"NO_ARDS_sup_49",70,"patient","rehospit","all","FRBDX"
"OTHERS_18_49",3,"patient","no_rehospit","all","FRBDX"
"OTHERS_18_49",-99,"patient","rehospit","all","FRBDX"
"OTHERS_sup_49",79,"patient","no_rehospit","all","FRBDX"
"OTHERS_sup_49",11,"patient","rehospit","all","FRBDX"
"ARDS_18_49",11,"patient","no_rehospit","P1","FRBDX"
"ARDS_18_49",5,"patient","no_rehospit","P2","FRBDX"
"ARDS_sup_49",71,"patient","no_rehospit","P1","FRBDX"
"ARDS_sup_49",91,"patient","no_rehospit","P2","FRBDX"
"ARDS_sup_49",4,"patient","rehospit","P1","FRBDX"
"ARDS_sup_49",8,"patient","rehospit","P2","FRBDX"
"NO_ARDS_18_49",24,"patient","no_rehospit","P1","FRBDX"
"NO_ARDS_18_49",92,"patient","no_rehospit","P2","FRBDX"
"NO_ARDS_18_49",5,"patient","rehospit","P1","FRBDX"
"NO_ARDS_18_49",14,"patient","rehospit","P2","FRBDX"
"NO_ARDS_sup_49",151,"patient","no_rehospit","P1","FRBDX"
"NO_ARDS_sup_49",331,"patient","no_rehospit","P2","FRBDX"
"NO_ARDS_sup_49",20,"patient","rehospit","P1","FRBDX"
"NO_ARDS_sup_49",50,"patient","rehospit","P2","FRBDX"
"OTHERS_18_49",-99,"patient","no_rehospit","P1","FRBDX"
"OTHERS_18_49",-99,"patient","no_rehospit","P2","FRBDX"
"OTHERS_18_49",-99,"patient","rehospit","P2","FRBDX"
"OTHERS_sup_49",21,"patient","no_rehospit","P1","FRBDX"
"OTHERS_sup_49",58,"patient","no_rehospit","P2","FRBDX"
"OTHERS_sup_49",3,"patient","rehospit","P1","FRBDX"
"OTHERS_sup_49",8,"patient","rehospit","P2","FRBDX"
"ARDS_18_49",-4.5,"patient","elix_mean_min7","all","FRBDX"
"ARDS_18_49",0.707106781186548,"patient","elix_std_min7","all","FRBDX"
"ARDS_sup_49",12.7894736842105,"patient","elix_mean_min7","all","FRBDX"
"ARDS_sup_49",9.06506693833483,"patient","elix_std_min7","all","FRBDX"
"NO_ARDS_18_49",3.65625,"patient","elix_mean_min7","all","FRBDX"
"NO_ARDS_18_49",9.19540339236877,"patient","elix_std_min7","all","FRBDX"
"NO_ARDS_sup_49",13.9352517985612,"patient","elix_mean_min7","all","FRBDX"
"NO_ARDS_sup_49",11.9250124619954,"patient","elix_std_min7","all","FRBDX"
"OTHERS_18_49",4.5,"patient","elix_mean_min7","all","FRBDX"
"OTHERS_18_49",6.36396103067893,"patient","elix_std_min7","all","FRBDX"
"OTHERS_sup_49",13.1333333333333,"patient","elix_mean_min7","all","FRBDX"
"OTHERS_sup_49",10.1802152044638,"patient","elix_std_min7","all","FRBDX"
"ARDS_18_49",-4.5,"patient","elix_mean_min7","P1","FRBDX"
"ARDS_18_49",0.707106781186548,"patient","elix_std_min7","P1","FRBDX"
"ARDS_sup_49",11.1428571428571,"patient","elix_mean_min7","P1","FRBDX"
"ARDS_sup_49",9.78823394742503,"patient","elix_std_min7","P1","FRBDX"
"ARDS_sup_49",13.75,"patient","elix_mean_min7","P2","FRBDX"
"ARDS_sup_49",8.9150026767956,"patient","elix_std_min7","P2","FRBDX"
"NO_ARDS_18_49",1.83333333333333,"patient","elix_mean_min7","P1","FRBDX"
"NO_ARDS_18_49",8.10966501568756,"patient","elix_std_min7","P1","FRBDX"
"NO_ARDS_18_49",4.07692307692308,"patient","elix_mean_min7","P2","FRBDX"
"NO_ARDS_18_49",9.52438166779588,"patient","elix_std_min7","P2","FRBDX"
"NO_ARDS_sup_49",12.8709677419355,"patient","elix_mean_min7","P1","FRBDX"
"NO_ARDS_sup_49",12.6167664517865,"patient","elix_std_min7","P1","FRBDX"
"NO_ARDS_sup_49",14.2407407407407,"patient","elix_mean_min7","P2","FRBDX"
"NO_ARDS_sup_49",11.7623431850624,"patient","elix_std_min7","P2","FRBDX"
"OTHERS_18_49",4.5,"patient","elix_mean_min7","P2","FRBDX"
"OTHERS_18_49",6.36396103067893,"patient","elix_std_min7","P2","FRBDX"
"OTHERS_sup_49",12.6,"patient","elix_mean_min7","P1","FRBDX"
"OTHERS_sup_49",17.401149387325,"patient","elix_std_min7","P1","FRBDX"
"OTHERS_sup_49",13.24,"patient","elix_mean_min7","P2","FRBDX"
"OTHERS_sup_49",8.64233764672499,"patient","elix_std_min7","P2","FRBDX"
"ARDS_18_49",9.6875,"patient","elix_mean_90","all","FRBDX"
"ARDS_18_49",8.47520894531024,"patient","elix_std_90","all","FRBDX"
"ARDS_sup_49",13.0115606936416,"patient","elix_mean_90","all","FRBDX"
"ARDS_sup_49",9.7282783912186,"patient","elix_std_90","all","FRBDX"
"NO_ARDS_18_49",4.35555555555556,"patient","elix_mean_90","all","FRBDX"
"NO_ARDS_18_49",7.1366895903113,"patient","elix_std_90","all","FRBDX"
"NO_ARDS_sup_49",12.3557168784029,"patient","elix_mean_90","all","FRBDX"
"NO_ARDS_sup_49",10.3081855816216,"patient","elix_std_90","all","FRBDX"
"OTHERS_18_49",8,"patient","elix_mean_90","all","FRBDX"
"OTHERS_18_49",6.44204936336256,"patient","elix_std_90","all","FRBDX"
"OTHERS_sup_49",16.75,"patient","elix_mean_90","all","FRBDX"
"OTHERS_sup_49",9.39827570392019,"patient","elix_std_90","all","FRBDX"
"ARDS_18_49",8.72727272727273,"patient","elix_mean_90","P1","FRBDX"
"ARDS_18_49",6.37323950736059,"patient","elix_std_90","P1","FRBDX"
"ARDS_18_49",11.8,"patient","elix_mean_90","P2","FRBDX"
"ARDS_18_49",12.6372465355393,"patient","elix_std_90","P2","FRBDX"
"ARDS_sup_49",12.8648648648649,"patient","elix_mean_90","P1","FRBDX"
"ARDS_sup_49",10.7516476269369,"patient","elix_std_90","P1","FRBDX"
"ARDS_sup_49",13.1212121212121,"patient","elix_mean_90","P2","FRBDX"
"ARDS_sup_49",8.94230113204527,"patient","elix_std_90","P2","FRBDX"
"NO_ARDS_18_49",4.44827586206897,"patient","elix_mean_90","P1","FRBDX"
"NO_ARDS_18_49",7.07907483309866,"patient","elix_std_90","P1","FRBDX"
"NO_ARDS_18_49",4.33018867924528,"patient","elix_mean_90","P2","FRBDX"
"NO_ARDS_18_49",7.1855963043978,"patient","elix_std_90","P2","FRBDX"
"NO_ARDS_sup_49",9.94152046783626,"patient","elix_mean_90","P1","FRBDX"
"NO_ARDS_sup_49",10.1603077780728,"patient","elix_std_90","P1","FRBDX"
"NO_ARDS_sup_49",13.4421052631579,"patient","elix_mean_90","P2","FRBDX"
"NO_ARDS_sup_49",10.2021424512575,"patient","elix_std_90","P2","FRBDX"
"OTHERS_18_49",4,"patient","elix_mean_90","P1","FRBDX"
"OTHERS_18_49",,"patient","elix_std_90","P1","FRBDX"
"OTHERS_18_49",9,"patient","elix_mean_90","P2","FRBDX"
"OTHERS_18_49",6.97614984548545,"patient","elix_std_90","P2","FRBDX"
"OTHERS_sup_49",16.25,"patient","elix_mean_90","P1","FRBDX"
"OTHERS_sup_49",10.4017139055981,"patient","elix_std_90","P1","FRBDX"
"OTHERS_sup_49",16.9375,"patient","elix_mean_90","P2","FRBDX"
"OTHERS_sup_49",9.07442770070036,"patient","elix_std_90","P2","FRBDX"
"ARDS_18_49",0,"patient","dead","all","FRBDX"
"ARDS_18_49",0,"patient","dead_less_28","all","FRBDX"
"ARDS_18_49",0,"patient","dead_less_90","all","FRBDX"
"ARDS_18_49",7,"patient","out_hospit_28","all","FRBDX"
"ARDS_18_49",15,"patient","out_hospit_90","all","FRBDX"
"ARDS_sup_49",48,"patient","dead","all","FRBDX"
"ARDS_sup_49",33,"patient","dead_less_28","all","FRBDX"
"ARDS_sup_49",46,"patient","dead_less_90","all","FRBDX"
"ARDS_sup_49",109,"patient","out_hospit_28","all","FRBDX"
"ARDS_sup_49",161,"patient","out_hospit_90","all","FRBDX"
"NO_ARDS_18_49",0,"patient","dead","all","FRBDX"
"NO_ARDS_18_49",0,"patient","dead_less_28","all","FRBDX"
"NO_ARDS_18_49",0,"patient","dead_less_90","all","FRBDX"
"NO_ARDS_18_49",133,"patient","out_hospit_28","all","FRBDX"
"NO_ARDS_18_49",135,"patient","out_hospit_90","all","FRBDX"
"NO_ARDS_sup_49",54,"patient","dead","all","FRBDX"
"NO_ARDS_sup_49",47,"patient","dead_less_28","all","FRBDX"
"NO_ARDS_sup_49",54,"patient","dead_less_90","all","FRBDX"
"NO_ARDS_sup_49",497,"patient","out_hospit_28","all","FRBDX"
"NO_ARDS_sup_49",547,"patient","out_hospit_90","all","FRBDX"
"OTHERS_18_49",-99,"patient","dead","all","FRBDX"
"OTHERS_18_49",-99,"patient","dead_less_28","all","FRBDX"
"OTHERS_18_49",-99,"patient","dead_less_90","all","FRBDX"
"OTHERS_18_49",4,"patient","out_hospit_28","all","FRBDX"
"OTHERS_18_49",5,"patient","out_hospit_90","all","FRBDX"
"OTHERS_sup_49",66,"patient","dead","all","FRBDX"
"OTHERS_sup_49",50,"patient","dead_less_28","all","FRBDX"
"OTHERS_sup_49",63,"patient","dead_less_90","all","FRBDX"
"OTHERS_sup_49",70,"patient","out_hospit_28","all","FRBDX"
"OTHERS_sup_49",88,"patient","out_hospit_90","all","FRBDX"
"ARDS_18_49",0,"patient","dead","P1","FRBDX"
"ARDS_18_49",0,"patient","dead_less_28","P1","FRBDX"
"ARDS_18_49",0,"patient","dead_less_90","P1","FRBDX"
"ARDS_18_49",3,"patient","out_hospit_28","P1","FRBDX"
"ARDS_18_49",10,"patient","out_hospit_90","P1","FRBDX"
"ARDS_18_49",0,"patient","dead","P2","FRBDX"
"ARDS_18_49",0,"patient","dead_less_28","P2","FRBDX"
"ARDS_18_49",0,"patient","dead_less_90","P2","FRBDX"
"ARDS_18_49",4,"patient","out_hospit_28","P2","FRBDX"
"ARDS_18_49",5,"patient","out_hospit_90","P2","FRBDX"
"ARDS_sup_49",20,"patient","dead","P1","FRBDX"
"ARDS_sup_49",15,"patient","dead_less_28","P1","FRBDX"
"ARDS_sup_49",18,"patient","dead_less_90","P1","FRBDX"
"ARDS_sup_49",40,"patient","out_hospit_28","P1","FRBDX"
"ARDS_sup_49",65,"patient","out_hospit_90","P1","FRBDX"
"ARDS_sup_49",28,"patient","dead","P2","FRBDX"
"ARDS_sup_49",18,"patient","dead_less_28","P2","FRBDX"
"ARDS_sup_49",28,"patient","dead_less_90","P2","FRBDX"
"ARDS_sup_49",69,"patient","out_hospit_28","P2","FRBDX"
"ARDS_sup_49",96,"patient","out_hospit_90","P2","FRBDX"
"NO_ARDS_18_49",0,"patient","dead","P1","FRBDX"
"NO_ARDS_18_49",0,"patient","dead_less_28","P1","FRBDX"
"NO_ARDS_18_49",0,"patient","dead_less_90","P1","FRBDX"
"NO_ARDS_18_49",28,"patient","out_hospit_28","P1","FRBDX"
"NO_ARDS_18_49",29,"patient","out_hospit_90","P1","FRBDX"
"NO_ARDS_18_49",0,"patient","dead","P2","FRBDX"
"NO_ARDS_18_49",0,"patient","dead_less_28","P2","FRBDX"
"NO_ARDS_18_49",0,"patient","dead_less_90","P2","FRBDX"
"NO_ARDS_18_49",105,"patient","out_hospit_28","P2","FRBDX"
"NO_ARDS_18_49",106,"patient","out_hospit_90","P2","FRBDX"
"NO_ARDS_sup_49",17,"patient","dead","P1","FRBDX"
"NO_ARDS_sup_49",15,"patient","dead_less_28","P1","FRBDX"
"NO_ARDS_sup_49",17,"patient","dead_less_90","P1","FRBDX"
"NO_ARDS_sup_49",158,"patient","out_hospit_28","P1","FRBDX"
"NO_ARDS_sup_49",171,"patient","out_hospit_90","P1","FRBDX"
"NO_ARDS_sup_49",37,"patient","dead","P2","FRBDX"
"NO_ARDS_sup_49",32,"patient","dead_less_28","P2","FRBDX"
"NO_ARDS_sup_49",37,"patient","dead_less_90","P2","FRBDX"
"NO_ARDS_sup_49",339,"patient","out_hospit_28","P2","FRBDX"
"NO_ARDS_sup_49",376,"patient","out_hospit_90","P2","FRBDX"
"OTHERS_18_49",0,"patient","dead","P1","FRBDX"
"OTHERS_18_49",0,"patient","dead_less_28","P1","FRBDX"
"OTHERS_18_49",0,"patient","dead_less_90","P1","FRBDX"
"OTHERS_18_49",-99,"patient","out_hospit_28","P1","FRBDX"
"OTHERS_18_49",-99,"patient","out_hospit_90","P1","FRBDX"
"OTHERS_18_49",-99,"patient","dead","P2","FRBDX"
"OTHERS_18_49",-99,"patient","dead_less_28","P2","FRBDX"
"OTHERS_18_49",-99,"patient","dead_less_90","P2","FRBDX"
"OTHERS_18_49",3,"patient","out_hospit_28","P2","FRBDX"
"OTHERS_18_49",4,"patient","out_hospit_90","P2","FRBDX"
"OTHERS_sup_49",17,"patient","dead","P1","FRBDX"
"OTHERS_sup_49",13,"patient","dead_less_28","P1","FRBDX"
"OTHERS_sup_49",16,"patient","dead_less_90","P1","FRBDX"
"OTHERS_sup_49",20,"patient","out_hospit_28","P1","FRBDX"
"OTHERS_sup_49",24,"patient","out_hospit_90","P1","FRBDX"
"OTHERS_sup_49",49,"patient","dead","P2","FRBDX"
"OTHERS_sup_49",37,"patient","dead_less_28","P2","FRBDX"
"OTHERS_sup_49",47,"patient","dead_less_90","P2","FRBDX"
"OTHERS_sup_49",50,"patient","out_hospit_28","P2","FRBDX"
"OTHERS_sup_49",64,"patient","out_hospit_90","P2","FRBDX"
"ARDS_18_49",16,"status_at_7","in_hospital","all","FRBDX"
"ARDS_sup_49",8,"status_at_7","death","all","FRBDX"
"ARDS_sup_49",165,"status_at_7","in_hospital","all","FRBDX"
"ARDS_sup_49",-99,"status_at_7","out_hospital","all","FRBDX"
"NO_ARDS_18_49",55,"status_at_7","in_hospital","all","FRBDX"
"NO_ARDS_18_49",80,"status_at_7","out_hospital","all","FRBDX"
"NO_ARDS_sup_49",24,"status_at_7","death","all","FRBDX"
"NO_ARDS_sup_49",404,"status_at_7","in_hospital","all","FRBDX"
"NO_ARDS_sup_49",124,"status_at_7","out_hospital","all","FRBDX"
"OTHERS_18_49",5,"status_at_7","in_hospital","all","FRBDX"
"OTHERS_sup_49",18,"status_at_7","death","all","FRBDX"
"OTHERS_sup_49",69,"status_at_7","in_hospital","all","FRBDX"
"OTHERS_sup_49",3,"status_at_7","out_hospital","all","FRBDX"
"ARDS_18_49",11,"status_at_7","in_hospital","P1","FRBDX"
"ARDS_18_49",5,"status_at_7","in_hospital","P2","FRBDX"
"ARDS_sup_49",4,"status_at_7","death","P1","FRBDX"
"ARDS_sup_49",4,"status_at_7","death","P2","FRBDX"
"ARDS_sup_49",71,"status_at_7","in_hospital","P1","FRBDX"
"ARDS_sup_49",94,"status_at_7","in_hospital","P2","FRBDX"
"ARDS_sup_49",-99,"status_at_7","out_hospital","P2","FRBDX"
"NO_ARDS_18_49",11,"status_at_7","in_hospital","P1","FRBDX"
"NO_ARDS_18_49",44,"status_at_7","in_hospital","P2","FRBDX"
"NO_ARDS_18_49",18,"status_at_7","out_hospital","P1","FRBDX"
"NO_ARDS_18_49",62,"status_at_7","out_hospital","P2","FRBDX"
"NO_ARDS_sup_49",10,"status_at_7","death","P1","FRBDX"
"NO_ARDS_sup_49",14,"status_at_7","death","P2","FRBDX"
"NO_ARDS_sup_49",118,"status_at_7","in_hospital","P1","FRBDX"
"NO_ARDS_sup_49",286,"status_at_7","in_hospital","P2","FRBDX"
"NO_ARDS_sup_49",43,"status_at_7","out_hospital","P1","FRBDX"
"NO_ARDS_sup_49",81,"status_at_7","out_hospital","P2","FRBDX"
"OTHERS_18_49",-99,"status_at_7","in_hospital","P1","FRBDX"
"OTHERS_18_49",4,"status_at_7","in_hospital","P2","FRBDX"
"OTHERS_sup_49",6,"status_at_7","death","P1","FRBDX"
"OTHERS_sup_49",12,"status_at_7","death","P2","FRBDX"
"OTHERS_sup_49",17,"status_at_7","in_hospital","P1","FRBDX"
"OTHERS_sup_49",52,"status_at_7","in_hospital","P2","FRBDX"
"OTHERS_sup_49",-99,"status_at_7","out_hospital","P1","FRBDX"
"OTHERS_sup_49",-99,"status_at_7","out_hospital","P2","FRBDX"
"ARDS_18_49",9,"status_at_28","in_hospital","all","FRBDX"
"ARDS_18_49",7,"status_at_28","out_hospital","all","FRBDX"
"ARDS_sup_49",32,"status_at_28","death","all","FRBDX"
"ARDS_sup_49",67,"status_at_28","in_hospital","all","FRBDX"
"ARDS_sup_49",75,"status_at_28","out_hospital","all","FRBDX"
"NO_ARDS_18_49",4,"status_at_28","in_hospital","all","FRBDX"
"NO_ARDS_18_49",131,"status_at_28","out_hospital","all","FRBDX"
"NO_ARDS_sup_49",47,"status_at_28","death","all","FRBDX"
"NO_ARDS_sup_49",60,"status_at_28","in_hospital","all","FRBDX"
"NO_ARDS_sup_49",445,"status_at_28","out_hospital","all","FRBDX"
"OTHERS_18_49",3,"status_at_28","in_hospital","all","FRBDX"
"OTHERS_18_49",-99,"status_at_28","out_hospital","all","FRBDX"
"OTHERS_sup_49",50,"status_at_28","death","all","FRBDX"
"OTHERS_sup_49",23,"status_at_28","in_hospital","all","FRBDX"
"OTHERS_sup_49",17,"status_at_28","out_hospital","all","FRBDX"
"ARDS_18_49",8,"status_at_28","in_hospital","P1","FRBDX"
"ARDS_18_49",-99,"status_at_28","in_hospital","P2","FRBDX"
"ARDS_18_49",3,"status_at_28","out_hospital","P1","FRBDX"
"ARDS_18_49",4,"status_at_28","out_hospital","P2","FRBDX"
"ARDS_sup_49",14,"status_at_28","death","P1","FRBDX"
"ARDS_sup_49",18,"status_at_28","death","P2","FRBDX"
"ARDS_sup_49",35,"status_at_28","in_hospital","P1","FRBDX"
"ARDS_sup_49",32,"status_at_28","in_hospital","P2","FRBDX"
"ARDS_sup_49",26,"status_at_28","out_hospital","P1","FRBDX"
"ARDS_sup_49",49,"status_at_28","out_hospital","P2","FRBDX"
"NO_ARDS_18_49",-99,"status_at_28","in_hospital","P1","FRBDX"
"NO_ARDS_18_49",3,"status_at_28","in_hospital","P2","FRBDX"
"NO_ARDS_18_49",28,"status_at_28","out_hospital","P1","FRBDX"
"NO_ARDS_18_49",103,"status_at_28","out_hospital","P2","FRBDX"
"NO_ARDS_sup_49",15,"status_at_28","death","P1","FRBDX"
"NO_ARDS_sup_49",32,"status_at_28","death","P2","FRBDX"
"NO_ARDS_sup_49",15,"status_at_28","in_hospital","P1","FRBDX"
"NO_ARDS_sup_49",45,"status_at_28","in_hospital","P2","FRBDX"
"NO_ARDS_sup_49",141,"status_at_28","out_hospital","P1","FRBDX"
"NO_ARDS_sup_49",304,"status_at_28","out_hospital","P2","FRBDX"
"OTHERS_18_49",3,"status_at_28","in_hospital","P2","FRBDX"
"OTHERS_18_49",-99,"status_at_28","out_hospital","P1","FRBDX"
"OTHERS_18_49",-99,"status_at_28","out_hospital","P2","FRBDX"
"OTHERS_sup_49",13,"status_at_28","death","P1","FRBDX"
"OTHERS_sup_49",37,"status_at_28","death","P2","FRBDX"
"OTHERS_sup_49",5,"status_at_28","in_hospital","P1","FRBDX"
"OTHERS_sup_49",18,"status_at_28","in_hospital","P2","FRBDX"
"OTHERS_sup_49",6,"status_at_28","out_hospital","P1","FRBDX"
"OTHERS_sup_49",11,"status_at_28","out_hospital","P2","FRBDX"
"ARDS_18_49",-99,"status_at_90","in_hospital","all","FRBDX"
"ARDS_18_49",-99,"status_at_90","no_data","all","FRBDX"
"ARDS_18_49",14,"status_at_90","out_hospital","all","FRBDX"
"ARDS_sup_49",36,"status_at_90","death","all","FRBDX"
"ARDS_sup_49",14,"status_at_90","in_hospital","all","FRBDX"
"ARDS_sup_49",36,"status_at_90","no_data","all","FRBDX"
"ARDS_sup_49",88,"status_at_90","out_hospital","all","FRBDX"
"NO_ARDS_18_49",-99,"status_at_90","in_hospital","all","FRBDX"
"NO_ARDS_18_49",11,"status_at_90","no_data","all","FRBDX"
"NO_ARDS_18_49",123,"status_at_90","out_hospital","all","FRBDX"
"NO_ARDS_sup_49",44,"status_at_90","death","all","FRBDX"
"NO_ARDS_sup_49",12,"status_at_90","in_hospital","all","FRBDX"
"NO_ARDS_sup_49",120,"status_at_90","no_data","all","FRBDX"
"NO_ARDS_sup_49",376,"status_at_90","out_hospital","all","FRBDX"
"OTHERS_18_49",-99,"status_at_90","death","all","FRBDX"
"OTHERS_18_49",3,"status_at_90","out_hospital","all","FRBDX"
"OTHERS_sup_49",45,"status_at_90","death","all","FRBDX"
"OTHERS_sup_49",4,"status_at_90","in_hospital","all","FRBDX"
"OTHERS_sup_49",23,"status_at_90","no_data","all","FRBDX"
"OTHERS_sup_49",18,"status_at_90","out_hospital","all","FRBDX"
"ARDS_18_49",-99,"status_at_90","in_hospital","P1","FRBDX"
"ARDS_18_49",-99,"status_at_90","no_data","P2","FRBDX"
"ARDS_18_49",10,"status_at_90","out_hospital","P1","FRBDX"
"ARDS_18_49",4,"status_at_90","out_hospital","P2","FRBDX"
"ARDS_sup_49",18,"status_at_90","death","P1","FRBDX"
"ARDS_sup_49",18,"status_at_90","death","P2","FRBDX"
"ARDS_sup_49",10,"status_at_90","in_hospital","P1","FRBDX"
"ARDS_sup_49",4,"status_at_90","in_hospital","P2","FRBDX"
"ARDS_sup_49",36,"status_at_90","no_data","P2","FRBDX"
"ARDS_sup_49",47,"status_at_90","out_hospital","P1","FRBDX"
"ARDS_sup_49",41,"status_at_90","out_hospital","P2","FRBDX"
"NO_ARDS_18_49",-99,"status_at_90","in_hospital","P2","FRBDX"
"NO_ARDS_18_49",11,"status_at_90","no_data","P2","FRBDX"
"NO_ARDS_18_49",29,"status_at_90","out_hospital","P1","FRBDX"
"NO_ARDS_18_49",94,"status_at_90","out_hospital","P2","FRBDX"
"NO_ARDS_sup_49",17,"status_at_90","death","P1","FRBDX"
"NO_ARDS_sup_49",27,"status_at_90","death","P2","FRBDX"
"NO_ARDS_sup_49",4,"status_at_90","in_hospital","P1","FRBDX"
"NO_ARDS_sup_49",8,"status_at_90","in_hospital","P2","FRBDX"
"NO_ARDS_sup_49",120,"status_at_90","no_data","P2","FRBDX"
"NO_ARDS_sup_49",150,"status_at_90","out_hospital","P1","FRBDX"
"NO_ARDS_sup_49",226,"status_at_90","out_hospital","P2","FRBDX"
"OTHERS_18_49",-99,"status_at_90","death","P2","FRBDX"
"OTHERS_18_49",-99,"status_at_90","out_hospital","P1","FRBDX"
"OTHERS_18_49",-99,"status_at_90","out_hospital","P2","FRBDX"
"OTHERS_sup_49",16,"status_at_90","death","P1","FRBDX"
"OTHERS_sup_49",29,"status_at_90","death","P2","FRBDX"
"OTHERS_sup_49",-99,"status_at_90","in_hospital","P1","FRBDX"
"OTHERS_sup_49",3,"status_at_90","in_hospital","P2","FRBDX"
"OTHERS_sup_49",23,"status_at_90","no_data","P2","FRBDX"
"OTHERS_sup_49",7,"status_at_90","out_hospital","P1","FRBDX"
"OTHERS_sup_49",11,"status_at_90","out_hospital","P2","FRBDX"
